2Jar: Oxy.2Jar
4%: 4 %, 4%.
Akbiggs: Ak bigs
Alex19: Alex 19,notalex19,Notalex19
Anto: Ssbm-T Anto
Americandragon_Davidchong: American Dragon Dchong, Americandragondavidchong
Arc: ARC
Armada: Rmada, P4K EMP Armada
A Rookie: A_Rookie
Axe: Mortality_Axe, Mortality.Axe, Mortality Axe, Tempostorm Axe, Tempo-Axe, Tempo.Axe
Baka4Moe: Baka, B4M
Bart: Entities From The Beyond Within Corpses Obsessed
Bernal: Bernaldoe
Beasty_Turtle3: Ang The Avatar, Beastly_Turtle3
Bladewise: 62Bit Bladewise
Bizzarro Flame: Bizarroflame, Bizaroflame, Bizzaroflame
Lil' Snack: Billybopeep, BillyBoPeep, Billy, Lil'Snack
Boback: Boback Vakili
Cactuar: Cactaur
Captain Faceroll: (Tmg) Captain Faceroll, Ix Captain Faceroll
Captain Smuckers: Smuckers
Chillindude: Chillin, Chillindude829, Liquid' Chillindude, Liquid`Chillin
Chu Dat: Chudat
Coastward: Emg_Coastward
Cdk: (Tmg) Connor, Connor, Connorthekid
Coolkid: (Tmg) Coolkid
Corkus: 4K.Corkus
Dandy: Dandy?, Emp Dandy
Dantefox: (Tmg) Dantefox
Dart!: Dart
Dendypretendy: Oxy Dendypretendy
Druggedfox: Drugged Fox, Druggedfox11
Duck Chris: DuckChris
Eddy Mexico: XTR Eddy Mexico, Eddymexico
Eggz: Salazar Slitherin (Eggz)
Eikelmannrus: Eikelmann, Eikelman
Epic Murloc: Epicmurloc
Eri: Erik, Eric
Eval: Espr Eval
Excel Zero: Excel_Zero, Excelzero
Fatgoku: Fat Goku
Gage: CaCAW Slurrpy Snake 32+37 Master
Gahtzu: EE Gahtzu, GK Gahtzu
Hax: VGBC Hax
Hugs: Frq.Hugs
Hungrybox: Liquid`Hungrybox, Crs. Hungrybox, CRS.Hungrybox, Liquid` Hungrybox, Liquid Hungrybox
Idea: Emg_Idea, Emg Idea
Ironpiggy: Iron Piggy
J666: Oxy L J666
Jeapie: Lll. Jeapie
Jebailey: CEOJebailey
Jpegimage: Jpeg
Kage: Kage The Warrior
Kirbykaze: Emg Kirbykaze
Ken: LiquidKen, Liquid Ken, Liquid' Ken, Liquid ' Ken, Liquid`Ken
Kira: Skt T1 Talon God (Kira), Hyouketsunojudgeness (Kira), Ssbm-T Kira
Koreandj: KDJ, Liquid`KDJ
Koopatroopa895: Koopatroopa
Kyu Puff: The Pleaup (Kyu Puff)
Lambchops: Beer Man
Larry Lurr: Dehf
Laudandus: Laundandus, Lauduandus, Laduandus
Leffen: Tsm Leffen
Manatee: 62Sexy(Manatee)
Medz: MVG Medz
Mang0: C9 MaNg0, C9 Mang0, C9 Mango, C9. Mango, C9.Mango, Mango, Cloud9.Mango
Mew2King: COG MVG mew2king, PL MVG mew2king, PL MVG EMP Mew2King, P4K EMP Mew2King, P4K Mew2King, EMP Mew2King, M2K, Mvg Mew2King
Mikehaggar: Mikehaggarkj, Mike Haggar, Mikehaggarssbm
Mike Haze: Mikehaze, Jj'S Mikehaze
Milkman: Oes Milkman
Neon: HF Neon
Nintendude: Vgz Nintendude, Vgz.Nintendude
Ny Joey: Joey Cheung
Orly: Secret.Orly
Pb&J: Pbj
Pc Chris: P.C. Chris
Pewpewu: Clg.Pewpewu, Clg.Pewpewu Cookiecat, Ppu
PPMD: Dr. PP
Porkchops: VS Porkchops, Pokchops
Prince Abu: Esi. Gg Prince Abu
Professor Pro: Vws Professor Pro
Purpletuce: Logan
Raynex: LP.raynEX, Lp_Raynex, Lp Raynex
Reno: GK Reno
Riddlebox: Kana Manami
Ryan Ford: Unknown522
Sacasumoto: (Tmg) Sacasumoto
Satdaddy: Zack
Santiago: ElFuego, El Fuego
Sauc3: Emg Sauc3
Sfat: Einstein Lover (Sfat)
Sherigami: (Tmg) Sherigami, Sherigam
Shroomed: MMG_Shroomed
SilentSpectre: Ss
Silent Wolf: Gc Silentwolf
Sk92: Psg Sk92
Slox: Tony'S Hawk (Slox)
Smashg0D: Smahg0D
Smilez :): Smilez =), Smilez=), Smilez, Smilez:)
Smokey: Dumb Cunt
S0Ft: Soft, Soft, Soft11
Squid: (Tmg) Squid
Matt: Matt, Matt R, Stab, Stabbedbyanipple, Stabbedbyahippie, Victor Abdul Latif, Victor Abdul Latif (Stab), Viktor Abdul Latif (Stab), (Tmg) Victor Abdul Latif
Straight: Straight (Second Wave)
Sung475: OXY SUNG475, Oxy_Sung475
Swedish Delight: James Liu, Swedishdelight
Tai: MVG Tai
Thegrimreaper: Thegrimereaper
Trail: Trail.
Trulliam: Lp_Trulliam, Lp Trulliam
The Moon: TheMoon
Tuxedo Mask: Tuxedomask
Twin A: Twin_A
Velocity: Velovity
Videowaffles: Videowaffles (Cpp)
Weon-X: Emg Weon-X, Emg_Weon-X, Little Boy Big Dreams, The Ghost of White Marth
Westballz: Tempo Westballz
Wizzrobe: CT Wizzrobe
Wobbles: FX_DFW Wobbles, FX DFW Wobbles
